name,last_name,telefono,correo
Daniel,Castro,3067890123,daniel.castro@email.com
Camila,Vargas,3090123456,camila.vargas@email.com
Camila,Vargas,3090123456,camila.vargas@email.com
Sebastián,López,3089012345,sebastian.lopez@email.com
Sebastián,López,3089012345,sebastian.lopez@email.com
Sebastián,López,3089012345,sebastian.lopez@email.com
María,Gómez,3012345678,maria.gomez@email.com
Juan,Pérez,3001234567,juan.perez@email.com
Carlos,Ramírez,3023456789,carlos.ramirez@email.com
Carlos,Ramírez,3023456789,carlos.ramirez@email.com
Sofía,Herrera,3056789012,sofia.herrera@email.com
Juan,Pérez,3001234567,juan.perez@email.com
Andrés,Martínez,3045678901,andres.martinez@email.com
Carlos,Ramírez,3023456789,carlos.ramirez@email.com
Juan,Pérez,3001234567,juan.perez@email.com
Carlos,Ramírez,3023456789,carlos.ramirez@email.com
Camila,Vargas,3090123456,camila.vargas@email.com
Daniel,Castro,3067890123,daniel.castro@email.com
Carlos,Ramírez,3023456789,carlos.ramirez@email.com
Sofía,Herrera,3056789012,sofia.herrera@email.com
Laura,Torres,3034567890,laura.torres@email.com
Valentina,Rojas,3078901234,valentina.rojas@email.com
Daniel,Castro,3067890123,daniel.castro@email.com
María,Gómez,3012345678,maria.gomez@email.com
Valentina,Rojas,3078901234,valentina.rojas@email.com
Daniel,Castro,3067890123,daniel.castro@email.com
Laura,Torres,3034567890,laura.torres@email.com
Juan,Pérez,3001234567,juan.perez@email.com
Camila,Vargas,3090123456,camila.vargas@email.com
Andrés,Martínez,3045678901,andres.martinez@email.com
María,Gómez,3012345678,maria.gomez@email.com
Andrés,Martínez,3045678901,andres.martinez@email.com
Daniel,Castro,3067890123,daniel.castro@email.com
Laura,Torres,3034567890,laura.torres@email.com
Sebastián,López,3089012345,sebastian.lopez@email.com
Daniel,Castro,3067890123,daniel.castro@email.com
María,Gómez,3012345678,maria.gomez@email.com
Andrés,Martínez,3045678901,andres.martinez@email.com
Laura,Torres,3034567890,laura.torres@email.com
Andrés,Martínez,3045678901,andres.martinez@email.com
María,Gómez,3012345678,maria.gomez@email.com
Andrés,Martínez,3045678901,andres.martinez@email.com
Camila,Vargas,3090123456,camila.vargas@email.com
Laura,Torres,3034567890,laura.torres@email.com
Carlos,Ramírez,3023456789,carlos.ramirez@email.com
Camila,Vargas,3090123456,camila.vargas@email.com
Sebastián,López,3089012345,sebastian.lopez@email.com
Sofía,Herrera,3056789012,sofia.herrera@email.com
Sofía,Herrera,3056789012,sofia.herrera@email.com
María,Gómez,3012345678,maria.gomez@email.com
